StartDate,EndDate,Status,IPAddress,Progress,Duration (in seconds),Finished,RecordedDate,ResponseId,RecipientLastName,RecipientFirstName,RecipientEmail,ExternalReference,LocationLatitude,LocationLongitude,DistributionChannel,UserLanguage,study,subject_id,age,gender,l1,l1_percent,languages_additional,race,race_7_TEXT,dev_concerns,dev_concerns_details,education,education_8_TEXT,education_10_TEXT,country_origin,income
Start Date,End Date,Response Type,IP Address,Progress,Duration (in seconds),Finished,Recorded Date,Response ID,Recipient Last Name,Recipient First Name,Recipient Email,External Data Reference,Location Latitude,Location Longitude,Distribution Channel,User Language,"Please enter the study name (e.g., CoAct):",Please enter the participant ID:,How old is your child? (in years),What is your child's gender?,What is your child's first/ primary language(s)?,What percent of the time does your child hear their first / primary language(s)?,Please list any other language(s) your child hears on a regular basis.,"What is your child’s race or origin? Please check one or more boxes, AND note any specific race(s) or origin(s). - Selected Choice","What is your child’s race or origin? Please check one or more boxes, AND note any specific race(s) or origin(s). - Some other race or origin (please specify) - Text",Do you have any concerns about your child’s development?,"If you do have any concerns about your child's development, please explain:",What is your current level of education? - Selected Choice,What is your current level of education? - Other professional degree - please specify: - Text,What is your current level of education? - Other - please specify - Text,"In what country were you born? If your child has another parent or guardian, please also indicate where that person was born.",Which of the following best describes your total household income last year?
"{""ImportId"":""startDate"",""timeZone"":""America/Denver""}","{""ImportId"":""endDate"",""timeZone"":""America/Denver""}","{""ImportId"":""status""}","{""ImportId"":""ipAddress""}","{""ImportId"":""progress""}","{""ImportId"":""duration""}","{""ImportId"":""finished""}","{""ImportId"":""recordedDate"",""timeZone"":""America/Denver""}","{""ImportId"":""_recordId""}","{""ImportId"":""recipientLastName""}","{""ImportId"":""recipientFirstName""}","{""ImportId"":""recipientEmail""}","{""ImportId"":""externalDataReference""}","{""ImportId"":""locationLatitude""}","{""ImportId"":""locationLongitude""}","{""ImportId"":""distributionChannel""}","{""ImportId"":""userLanguage""}","{""ImportId"":""QID2_TEXT""}","{""ImportId"":""QID1_TEXT""}","{""ImportId"":""QID4_TEXT""}","{""ImportId"":""QID5_TEXT""}","{""ImportId"":""QID6_TEXT""}","{""ImportId"":""QID7_TEXT""}","{""ImportId"":""QID8_TEXT""}","{""ImportId"":""QID9""}","{""ImportId"":""QID9_7_TEXT""}","{""ImportId"":""QID10""}","{""ImportId"":""QID11_TEXT""}","{""ImportId"":""QID12""}","{""ImportId"":""QID12_8_TEXT""}","{""ImportId"":""QID12_10_TEXT""}","{""ImportId"":""QID13_TEXT""}","{""ImportId"":""QID14""}"
2022-07-25 01:50:31,2022-07-25 01:51:24,Survey Preview,*******,100,52,True,2022-07-25 01:51:25,R_1CstUBb1ycSiqZV,*******,*******,*******,*******,*******,*******,preview,EN,CoAct,test,test,test,test,test,test,Asian,,No,dasd,Doctoral degree,,,asd,Prefer not to answer
2022-07-25 14:32:14,2022-07-25 14:33:29,IP Address,*******,100,74,True,2022-07-25 14:33:29,R_3gMcy2SGCWUOPcC,*******,*******,*******,*******,*******,*******,anonymous,EN,CoAct,p004,5,Female,English,90%,Spanish,White,,No,,Other professional degree - please specify:,JD,,USA,"$200,000 or more"
2022-07-25 11:06:42,2022-07-25 11:06:58,IP Address,*******,14,15,False,2022-08-01 11:06:59,R_phnm1SoJRKH6vLz,*******,*******,*******,*******,*******,*******,anonymous,EN,CoAct,p004,,,,,,,,,,,,,,
2022-09-20 11:38:28,2022-09-20 12:46:46,IP Address,*******,100,4097,True,2022-09-20 12:46:46,R_2tePeFzVtLBUMSc,*******,*******,*******,*******,*******,*******,anonymous,EN,Coact,test,,,,,,,,,,,,,,
2022-09-20 12:46:21,2022-09-20 15:23:24,IP Address,*******,100,9423,True,2022-09-20 15:23:25,R_3fTVgF9kPW4Bzb6,*******,*******,*******,*******,*******,*******,anonymous,EN,CoAct,p005,5,Female,English,98,"Gujarati ","White,Asian",,No,,Doctoral degree,,,Usa,"$200,000 or more"
2022-09-24 11:05:48,2022-09-24 11:06:57,IP Address,*******,100,69,True,2022-09-24 11:06:57,R_2CDrkpxNnEhmcEa,*******,*******,*******,*******,*******,*******,anonymous,EN,CoAct,p006,e,Male,English,100,NA,White,,No,,Master's degree,,,USA,"$200,000 or more"
2022-09-29 08:40:07,2022-09-29 08:41:37,IP Address,*******,100,90,True,2022-09-29 08:41:37,R_27Ih0oVBzGjycF2,*******,*******,*******,*******,*******,*******,anonymous,EN,CoAct,p007,4,Female,English,100%,None,"White,Asian",,No,None,Bachelor's degree,,,"USA ","$150,000 to $199,999"
2022-09-29 09:04:33,2022-09-30 08:08:23,IP Address,*******,100,83029,True,2022-09-30 08:08:23,R_2wvLqW5J4QvssHI,*******,*******,*******,*******,*******,*******,anonymous,EN,CoAct,p008,3,Female,"English ",98%,"Mandarin ",Asian,,No,,Doctoral degree,,,USA,"$200,000 or more"
2022-10-04 15:23:51,2022-10-04 15:26:03,IP Address,*******,100,131,True,2022-10-04 15:26:03,R_2YocnQHQUCCzZsB,*******,*******,*******,*******,*******,*******,anonymous,EN,CoAct,p009,5,Male,English,95%,Spanish,White,,No,,Master's degree,,,USA (both parents),"$150,000 to $199,999"
2022-10-05 09:04:38,2022-10-05 09:06:35,IP Address,*******,100,117,True,2022-10-05 09:06:35,R_2zeV7fM6kjwZzvT,*******,*******,*******,*******,*******,*******,anonymous,EN,CoAct,p010,5,Girl,English,99%,"Spanish, ASL",White,,No,,Master's degree,,,both parents born in the USA,"$100,000 to $149,999"
2022-10-05 10:22:41,2022-10-05 10:24:48,IP Address,*******,100,127,True,2022-10-05 10:24:48,R_cHgdQeHjFmOaNot,*******,*******,*******,*******,*******,*******,anonymous,EN,CoAct,p011,5,Male,English,80%,Portuguese,Prefer not to answer,,No,,Bachelor's degree,,,"Unites States (mother), Brazil (father)",Prefer not to answer
2022-10-05 14:49:08,2022-10-05 14:49:43,IP Address,*******,100,35,True,2022-10-05 14:49:43,R_3GjhGkaqRa8p4Ux,*******,*******,*******,*******,*******,*******,anonymous,EN,coact,Test,,,,,,,,,,,,,,
2022-10-05 16:08:46,2022-10-05 16:12:16,IP Address,*******,100,209,True,2022-10-05 16:12:16,R_3KU7h6uT5hziYuC,*******,*******,*******,*******,*******,*******,anonymous,EN,CoAct,p012,5,Male,English,Near 100%,,White,,No,,Doctoral degree,,,USA,"$200,000 or more"
2022-10-06 08:47:01,2022-10-06 08:50:02,IP Address,*******,100,180,True,2022-10-06 08:50:02,R_2aJ5xLykcv1YVGp,*******,*******,*******,*******,*******,*******,anonymous,EN,CoAct,p013,4,M,English,98,Mandarin Chinese,"White,Asian",,No,,Bachelor's degree,,,USA x2,"$150,000 to $199,999"
2022-10-07 13:13:21,2022-10-07 13:14:51,IP Address,*******,100,89,True,2022-10-07 13:14:51,R_27Qq3GePzN0wAJ4,*******,*******,*******,*******,*******,*******,anonymous,EN,CoAct,p014,4,Male,"English ",99,,White,,No,,Some college/ university,,,"America ","$100,000 to $149,999"
2022-10-07 15:04:08,2022-10-07 15:05:17,IP Address,*******,100,68,True,2022-10-07 15:05:17,R_1Fsq1ivRXIdHelR,*******,*******,*******,*******,*******,*******,anonymous,EN,CoAct,p015,3,Male,English,100%,N/A,White,,No,,Master's degree,,,USA for both,"$100,000 to $149,999"
2022-10-08 09:22:58,2022-10-08 09:30:54,IP Address,*******,100,475,True,2022-10-08 09:30:55,R_V4ikMNH4W1ge4et,*******,*******,*******,*******,*******,*******,anonymous,EN,CoAct,p016,4,Female,English,100%,N/A,White,,Yes,"She was in early intervention. I had her evaluated for special education services but she didn’t qualify. ",Master's degree,,,USA,"$200,000 or more"
2022-10-10 12:22:16,2022-10-10 12:23:59,IP Address,*******,100,102,True,2022-10-10 12:24:00,R_2P82dc9qxd1Rh24,*******,*******,*******,*******,*******,*******,anonymous,EN,CoAct,p017,4,Male,Korean,40/100,English,Asian,,No,,Doctoral degree,,,South Korea,"$150,000 to $199,999"
2022-10-12 13:01:19,2022-10-12 13:03:34,IP Address,*******,100,135,True,2022-10-12 13:03:34,R_2DOyUQRqQBc0Gck,*******,*******,*******,*******,*******,*******,anonymous,EN,coact,p018,3,Female,English,90%,Italian / Sicilian dialect,White,,No,,Doctoral degree,,,USA,"$200,000 or more"
2022-10-12 15:37:29,2022-10-12 15:39:34,IP Address,*******,100,124,True,2022-10-12 15:39:34,R_3HHU6rPRJogaYV1,*******,*******,*******,*******,*******,*******,anonymous,EN,CoAct,p0189,Five years old,Female,English,99%,,White,,No,,Doctoral degree,,,Both USA,"$150,000 to $199,999"
2022-10-13 08:01:36,2022-10-13 08:03:49,IP Address,*******,100,132,True,2022-10-13 08:03:49,R_31F6Pj8Ocu0n6tS,*******,*******,*******,*******,*******,*******,anonymous,EN,CoAct,p021,3,Female,English,98% except for when she’s with nonnative English speakers (children) in her daycare,,White,,No,,Master's degree,,,"USA - both parents ","$200,000 or more"
2022-10-13 08:51:56,2022-10-13 08:54:32,IP Address,*******,100,155,True,2022-10-13 08:54:32,R_1ISjDuZtSHlBEuM,*******,*******,*******,*******,*******,*******,anonymous,EN,CoAct,p021,5,M,English,Almost all the time,Very little Chinese and Korean,Asian,,No,,Bachelor's degree,,,USA,"$100,000 to $149,999"
2022-10-13 11:34:18,2022-10-13 11:36:03,IP Address,*******,100,104,True,2022-10-13 11:36:03,R_rqGTu0EUqhKgS7T,*******,*******,*******,*******,*******,*******,anonymous,EN,CoAct,p022,4,Boy,"English ",90%,"Spanish ","White,Hispanic or Latino",,No,,Bachelor's degree,,,USA,"$150,000 to $199,999"
2022-10-13 13:49:32,2022-10-13 13:51:45,IP Address,*******,100,133,True,2022-10-13 13:51:46,R_2B4eY1HmYtKJmRN,*******,*******,*******,*******,*******,*******,anonymous,EN,coAct,p023,3,"Female ","English ",100,None,"White,Asian",,No,,Doctoral degree,,,Philippines,"$200,000 or more"
2022-10-14 07:44:53,2022-10-14 15:27:56,IP Address,*******,100,27782,True,2022-10-14 15:27:57,R_3CWWvruUjWfND8d,*******,*******,*******,*******,*******,*******,anonymous,EN,CoAct,p024,4.5,Female,English,100,N/A,White,,No,,Master's degree,,,USA (me) France- but on a US base (her father),"$100,000 to $149,999"
2022-10-19 14:06:30,2022-10-19 14:09:10,IP Address,*******,100,160,True,2022-10-19 14:09:11,R_10oVYXB0YXKuWBk,*******,*******,*******,*******,*******,*******,anonymous,EN,coact,p025,4,"Male ",English,99%,,White,,No,,Some college/ university,,,"USA ","$50,000 to $99,999"
2022-10-20 07:58:07,2022-10-20 07:59:37,IP Address,*******,100,89,True,2022-10-20 07:59:37,R_3j7E9Mm7PJM5XLL,*******,*******,*******,*******,*******,*******,anonymous,EN,CoAct,p026,4.5,Female,"English ",100,Hebrew,White,,No,,Master's degree,,,USA (both parents),"$100,000 to $149,999"
2022-10-25 08:15:29,2022-10-25 08:16:44,IP Address,*******,100,75,True,2022-10-25 08:16:45,R_3RqDijFqkmD9Bfp,*******,*******,*******,*******,*******,*******,anonymous,EN,CoAct,p027,4,"Male ",English,100,None,"White,Asian",,No,,Bachelor's degree,,,"USA, USA","$150,000 to $199,999"
2022-10-25 14:37:32,2022-10-25 14:38:47,IP Address,*******,100,74,True,2022-10-25 14:38:47,R_1lujV9wm56R62WA,*******,*******,*******,*******,*******,*******,anonymous,EN,coact,p028,"3 years ",Male,English,100,None,White,,No,,Bachelor's degree,,,"USA ","$200,000 or more"
2022-10-26 14:35:59,2022-10-26 14:37:28,IP Address,*******,100,89,True,2022-10-26 14:37:29,R_vvh8s8ybImnsOPf,*******,*******,*******,*******,*******,*******,anonymous,EN,Coact,p029,5,Male,English,100%,,White,,No,,Bachelor's degree,,,United States,"$100,000 to $149,999"
2022-10-28 08:52:45,2022-10-28 08:53:57,IP Address,*******,100,71,True,2022-10-28 08:53:57,R_1JILnDlK4zhe0IX,*******,*******,*******,*******,*******,*******,anonymous,EN,CoAct,p030,4,Male,English,100,None,White,,No,,Master's degree,,,Both USA,"$200,000 or more"
2022-10-28 15:03:14,2022-10-28 15:04:33,IP Address,*******,100,78,True,2022-10-28 15:04:33,R_22lf8trh1MNtYFz,*******,*******,*******,*******,*******,*******,anonymous,EN,CoAct,p031,5,"Female ",English,100,Spanish,"White,Black or African American",,No,,Master's degree,,,"USA ","$200,000 or more"
2022-11-01 12:27:35,2022-11-01 12:29:27,IP Address,*******,100,111,True,2022-11-01 12:29:27,R_3EQ3BZ2upQKWo6s,*******,*******,*******,*******,*******,*******,anonymous,EN,Coact,p032,4,Female,English,99%,"Occasionally Spanish - my husband speaks it, but rarely at home. ",White,,No,,Bachelor's degree,,,"USA, USA (dad)","$100,000 to $149,999"
2022-11-02 14:19:00,2022-11-02 14:20:29,IP Address,*******,100,89,True,2022-11-02 14:20:29,R_2ygqYOpapuFMv66,*******,*******,*******,*******,*******,*******,anonymous,EN,CoAct,p033,4,Female,English,100%,None,White,,No,,Bachelor's degree,,,USA for both parents,"$150,000 to $199,999"
2022-11-03 14:31:07,2022-11-03 14:31:53,IP Address,*******,100,46,True,2022-11-03 14:31:54,R_1NqAI4L82WXDHi0,*******,*******,*******,*******,*******,*******,anonymous,EN,CoAct,p034,3,Male,English,100,,White,,No,,Master's degree,,,United States,"$150,000 to $199,999"
2022-11-04 09:25:06,2022-11-04 09:26:48,IP Address,*******,100,101,True,2022-11-04 09:26:49,R_1FFfnt09bWW7ZDY,*******,*******,*******,*******,*******,*******,anonymous,EN,CoAct,p035,4,Female,English,100,Japanese,"White,Asian",,No,,Other - please specify,,Preschool,Japan.  Dad was born in US,"$150,000 to $199,999"
2022-11-09 08:59:30,2022-11-09 09:02:01,IP Address,*******,100,150,True,2022-11-09 09:02:01,R_3gMlwUPSdYwsGCs,*******,*******,*******,*******,*******,*******,anonymous,EN,CoAct,p036,5,Female,"English ",100,N/A,White,,No,,Other - please specify,,Kindergarten- homeschool,"USA for all ","$100,000 to $149,999"
2022-11-09 12:46:22,2022-11-09 12:48:13,IP Address,*******,100,111,True,2022-11-09 12:48:13,R_3psDpqUNxNCru5r,*******,*******,*******,*******,*******,*******,anonymous,EN,Coact,P037,4,Male,English,100%,None,White,,No,,Master's degree,,,US,"$100,000 to $149,999"
2022-11-10 08:37:23,2022-11-10 08:38:33,IP Address,*******,100,69,True,2022-11-10 08:38:34,R_2tok7HDKT2Cds69,*******,*******,*******,*******,*******,*******,anonymous,EN,Coact,P038,3,"Female ","English ",90,Spanish,"White,Hispanic or Latino,Asian",,No,,Master's degree,,,US for both,"$150,000 to $199,999"
2022-11-10 12:49:21,2022-11-10 12:50:39,IP Address,*******,100,77,True,2022-11-10 12:50:40,R_didEFswybmmaAoh,*******,*******,*******,*******,*******,*******,anonymous,EN,Coact,P039,4,Male,English,100,,White,,No,,Master's degree,,,USA,"$200,000 or more"
2022-11-10 14:29:58,2022-11-10 14:34:15,IP Address,*******,100,256,True,2022-11-10 14:34:15,R_3meIePsm60pLqPr,*******,*******,*******,*******,*******,*******,anonymous,EN,CoAct,p040,3,Male,English,70%,Portuguese,"White,Hispanic or Latino",,No,,Master's degree,,,"Parent1-Brazil, Parent2-USA","$150,000 to $199,999"
2022-11-11 08:56:16,2022-11-11 09:00:10,IP Address,*******,100,233,True,2022-11-11 09:00:10,R_PBVcEZSkR0PNq93,*******,*******,*******,*******,*******,*******,anonymous,EN,CoAct,p041,5,Male,English,100%,"Some Hebrew words from prayers learned at Sunday school at preschool (at synagogue). ",White,,No,,Master's degree,,,USA,"$150,000 to $199,999"
2022-11-11 09:50:17,2022-11-11 09:51:55,IP Address,*******,100,97,True,2022-11-11 09:51:56,R_3n2XH2a8wpwyhhG,*******,*******,*******,*******,*******,*******,anonymous,EN,Coact,p042,5,Boy,English,100%,None,White,,No,,Master's degree,,,"USA ",Prefer not to answer
2022-11-11 12:30:49,2022-11-11 12:33:16,IP Address,*******,100,146,True,2022-11-11 12:33:16,R_331ocWiwULmqD6N,*******,*******,*******,*******,*******,*******,anonymous,EN,Coact,p043,5,Female,English,100%,Spanish in school,White,,No,,Elementary/ primary school,,,United States of America,"$50,000 to $99,999"
2022-11-15 08:31:58,2022-11-15 08:33:09,IP Address,*******,100,71,True,2022-11-15 08:33:10,R_3MaGQdsETc4pr27,*******,*******,*******,*******,*******,*******,anonymous,EN,CoAct,p044,4,Boy,English,100,None,White,,No,,Master's degree,,,"USA ","$25,000 to $49,999"
2022-11-17 12:45:59,2022-11-17 12:46:52,IP Address,*******,100,52,True,2022-11-17 12:46:52,R_SSE1x6gImjsJxiF,*******,*******,*******,*******,*******,*******,anonymous,EN,Coact,p046,5,F,"English ",100,,White,,No,,Master's degree,,,Usa,"$100,000 to $149,999"
2022-11-17 15:31:26,2022-11-17 15:33:31,IP Address,*******,100,124,True,2022-11-17 15:33:31,R_PU2e5tCzlbAQskV,*******,*******,*******,*******,*******,*******,anonymous,EN,CoAct,p047,5,Male,English,100,A little Spanish in school,White,,No,,Other - please specify,,Kindergarten at day care,US,"$200,000 or more"
2022-11-17 16:05:31,2022-11-17 16:07:29,IP Address,*******,100,117,True,2022-11-17 16:07:29,R_3MzFNaZBu2KEjS0,*******,*******,*******,*******,*******,*******,anonymous,EN,"CoAct, Participant",p045,3,Male,English,100,None,White,,No,,Other - please specify,,Nursery school,USA,"$200,000 or more"
2022-11-18 15:58:51,2022-11-18 16:00:52,IP Address,*******,100,121,True,2022-11-18 16:00:53,R_11XV0hqP8JCfR02,*******,*******,*******,*******,*******,*******,anonymous,EN,CoAct,p049,3,Female,English,All the time,Hindi,Some other race or origin (please specify),Indian\ carribean,No,,Master's degree,,,India / usa,"$50,000 to $99,999"
2022-11-28 14:27:21,2022-11-28 14:29:55,IP Address,*******,100,154,True,2022-11-28 14:29:56,R_5vT4buIYXKpIhFv,*******,*******,*******,*******,*******,*******,anonymous,EN,CoAct,p050,3.5,Male,English,100,Spanish,White,,No,,Bachelor's degree,,,USA,"$50,000 to $99,999"
2022-11-29 07:52:40,2022-11-29 07:54:00,IP Address,*******,100,79,True,2022-11-29 07:54:00,R_3MmmbSWjxCHJdPr,*******,*******,*******,*******,*******,*******,anonymous,EN,CoAct,p051,4,F,English,100,None,White,,No,,Other professional degree - please specify:,JD,,US/US,"$200,000 or more"
2022-11-30 14:21:54,2022-11-30 14:23:46,IP Address,*******,100,111,True,2022-11-30 14:23:47,R_3n1t22O4oFDOcuV,*******,*******,*******,*******,*******,*******,anonymous,EN,CoAct,p052,4,Male,English,100%,English,White,,Yes,"Archer had a speech delay, and we continue to be concerned about his school readiness.",Master's degree,,,Both parents born in the United States.,"$200,000 or more"
2022-11-30 15:32:11,2022-11-30 15:35:14,IP Address,*******,100,183,True,2022-11-30 15:35:15,R_1pSZdq4ROGpelgn,*******,*******,*******,*******,*******,*******,anonymous,EN,coact,p053,5.5,Female,English,Most of the time,"Spanish in immersion at school ",White,,No,,Doctoral degree,,,United states,"$200,000 or more"
2022-12-01 10:17:47,2022-12-01 11:29:20,IP Address,*******,100,4292,True,2022-12-01 11:29:20,R_1FtsYnl3Yar6Upi,*******,*******,*******,*******,*******,*******,anonymous,EN,CoAct,p054,4,Male,English,100 percent,None,White,,No,"Not a concern but he is tongue tied which impacts speech sometimes ",Bachelor's degree,,,Both American,"$200,000 or more"
2022-12-02 09:13:34,2022-12-02 09:15:01,IP Address,*******,100,86,True,2022-12-02 09:15:01,R_cVlRTLh4vikaf7z,*******,*******,*******,*******,*******,*******,anonymous,EN,CoAct,p055,3,Female,English,100,None,White,,No,,Some college/ university,,,USA,"$50,000 to $99,999"
2022-12-05 15:27:08,2022-12-05 15:30:34,IP Address,*******,100,206,True,2022-12-05 15:30:34,R_9vHi4q5CkDJxz0d,*******,*******,*******,*******,*******,*******,anonymous,EN,CoAct,p056,4,Male,"English ",99%,"Gujarati ",Asian,,No,,Bachelor's degree,,,"India, wife born in USA","$100,000 to $149,999"
2022-12-06 08:16:54,2022-12-06 08:17:45,IP Address,*******,100,50,True,2022-12-06 08:17:46,R_2qz0BUhdWCENxas,*******,*******,*******,*******,*******,*******,anonymous,EN,CoAct,p057,4,Female,English,100,0,White,,No,,Master's degree,,,United States,Prefer not to answer
2022-12-09 15:11:59,2022-12-09 15:14:17,IP Address,*******,100,137,True,2022-12-09 15:14:17,R_pzO9NEjR5OE46iJ,*******,*******,*******,*******,*******,*******,anonymous,EN,CoAct,p058,5,Female,English,100,None,"White,Asian",,No,,Elementary/ primary school,,,Both parents born in US,"$100,000 to $149,999"
2022-12-16 13:38:02,2022-12-16 13:40:01,IP Address,*******,100,118,True,2022-12-16 13:40:01,R_1Hi94yy1JiaITBF,*******,*******,*******,*******,*******,*******,anonymous,EN,coact,p059,4,M,English,100,Sometimes mandarin,"White,Asian",,No,,Bachelor's degree,,,"China. Dad was born in US. ","$150,000 to $199,999"
2023-02-23 12:29:23,2023-02-23 12:34:03,IP Address,*******,100,279,True,2023-02-23 12:34:04,R_e8WrAKpaJuZj6zT,*******,*******,*******,*******,*******,*******,anonymous,EN,CoAct,p060,5,Male,English,All of the time,Spanish,White,,No,,Bachelor's degree,,,United States,"$150,000 to $199,999"
2023-02-28 14:52:57,2023-02-28 14:54:17,IP Address,*******,100,80,True,2023-02-28 14:54:18,R_2rPjXU5DdXda1rV,*******,*******,*******,*******,*******,*******,anonymous,EN,coact,p061,3,M,"English ",100,,White,,No,,Master's degree,,,USA/USA,"$100,000 to $149,999"
2023-03-02 08:06:25,2023-03-02 08:08:02,IP Address,*******,100,97,True,2023-03-02 08:08:02,R_0IFyymFNKIdTDX3,*******,*******,*******,*******,*******,*******,anonymous,EN,CoAct,062,4,Male,English,100%,None,White,,No,,Master's degree,,,USA,"$150,000 to $199,999"
2023-03-03 08:59:24,2023-03-03 09:02:38,IP Address,*******,100,194,True,2023-03-03 09:02:38,R_2118jOkDe5OhIdQ,*******,*******,*******,*******,*******,*******,anonymous,EN,CoAct,p063,3.5,Female,English,70,Polish,White,,No,N/A,Other professional degree - please specify:,Associates degree,,"I was born in Poland my child’s father was born in America ","$200,000 or more"
2023-03-03 14:56:36,2023-03-03 14:57:34,IP Address,*******,100,57,True,2023-03-03 14:57:34,R_1dpndRPEghQNIeb,*******,*******,*******,*******,*******,*******,anonymous,EN,CoAct,p064,3,Male,English,99,Chinese,White,,No,,Not applicable/ unknown,,,United states,"$50,000 to $99,999"
2023-03-03 16:24:41,2023-03-03 16:26:09,IP Address,*******,100,88,True,2023-03-03 16:26:10,R_3kmO6i3hriLF9w2,*******,*******,*******,*******,*******,*******,anonymous,EN,CoAct,p065,3,F,"English ",98,,Prefer not to answer,,No,,Doctoral degree,,,"India, US","$200,000 or more"
2023-03-06 11:28:02,2023-03-06 11:30:23,IP Address,*******,100,141,True,2023-03-06 11:30:25,R_1g0cNoJUJ4ql75x,*******,*******,*******,*******,*******,*******,anonymous,EN,CoAct,p066,5,Female,"English ","100 percent ",,White,,No,,Master's degree,,,US,"$200,000 or more"
2023-03-06 15:41:47,2023-03-06 15:43:46,IP Address,*******,100,118,True,2023-03-06 15:43:46,R_3KIQpmthKRPPiM9,*******,*******,*******,*******,*******,*******,anonymous,EN,coAct,p067,5,F,"English ",45,Chinese,White,,No,,Master's degree,,,USA,"$200,000 or more"
2023-03-06 15:46:09,2023-03-06 15:47:43,IP Address,*******,100,93,True,2023-03-06 15:47:43,R_Wk5ok6ay4FTmmat,*******,*******,*******,*******,*******,*******,anonymous,EN,CoAct(revised for p0067),p067,5,F,"English ",60,Chinese,White,,No,,Master's degree,,,USA,"$200,000 or more"
2023-03-07 08:51:24,2023-03-07 08:52:31,IP Address,*******,100,67,True,2023-03-07 08:52:31,R_1Ehyk5ZjpnXwa67,*******,*******,*******,*******,*******,*******,anonymous,EN,CoAct,p068,3,Male,English,100,None,White,,No,,Master's degree,,,Usa,"$200,000 or more"
2023-03-07 13:54:37,2023-03-07 13:56:15,IP Address,*******,100,97,True,2023-03-07 13:56:15,R_1gCp6Bom6DRqKSd,*******,*******,*******,*******,*******,*******,anonymous,EN,coAct,p069,5,Male,English,100,None,White,,No,,Not applicable/ unknown,,,"USA ","$200,000 or more"
2023-03-08 14:50:38,2023-03-08 14:52:19,IP Address,*******,100,101,True,2023-03-08 14:52:20,R_2fqzA6wchs5qDtw,*******,*******,*******,*******,*******,*******,anonymous,EN,CoAct,p070,5,Female,"English ",80%,"Spanish ","White,Hispanic or Latino",,No,,Master's degree,,,"USA ","$200,000 or more"
2023-03-09 08:17:17,2023-03-09 08:18:41,IP Address,*******,100,83,True,2023-03-09 08:18:41,R_WweiuAjeiHnKYyR,*******,*******,*******,*******,*******,*******,anonymous,EN,CoAct,p071,5,Male,English,100%,"None on a regular basis ",White,,No,,Some college/ university,,,"USA ","$100,000 to $149,999"
2023-03-09 10:25:52,2023-03-09 10:27:47,IP Address,*******,100,114,True,2023-03-09 10:27:47,R_2SrhKklLGKkLoMH,*******,*******,*******,*******,*******,*******,anonymous,EN,CoAct,p072,5,Male,"English ",100%,"None ",White,,No,,High school,,,"USA ","$50,000 to $99,999"
2023-03-10 09:00:17,2023-03-10 09:02:32,IP Address,*******,100,134,True,2023-03-10 09:02:33,R_2y16bj1o9IfzLH2,*******,*******,*******,*******,*******,*******,anonymous,EN,CoAct,p073,3,Girl,English,100,None,"White,Asian,Some other race or origin (please specify)",Jewish,No,,Doctoral degree,,,Usa,"$100,000 to $149,999"
2023-03-10 15:26:54,2023-03-10 15:28:12,IP Address,*******,100,78,True,2023-03-10 15:28:13,R_10N1o5knoeoXoFi,*******,*******,*******,*******,*******,*******,anonymous,EN,CoAct,p074,5,Male,English,100%,N/A,White,,No,,Master's degree,,,USA,"$150,000 to $199,999"
2023-03-13 12:17:28,2023-03-13 12:18:24,IP Address,*******,100,56,True,2023-03-13 12:18:25,R_3kuNyjskVUGewE7,*******,*******,*******,*******,*******,*******,anonymous,EN,coact,p075,5,Male,English,100%,None,White,,No,,Master's degree,,,USA,"$50,000 to $99,999"
2023-03-14 09:12:11,2023-03-14 09:14:03,IP Address,*******,100,112,True,2023-03-14 09:14:05,R_2VyZhgm3M9BEU8R,*******,*******,*******,*******,*******,*******,anonymous,EN,Coact,P076,3,Male,English,100,,White,,No,,Not applicable/ unknown,,,America,"$100,000 to $149,999"
2023-03-15 07:59:30,2023-03-15 08:01:56,IP Address,*******,100,146,True,2023-03-15 08:01:57,R_sYzcpRHBDQHfZn3,*******,*******,*******,*******,*******,*******,anonymous,EN,CoAct,p077,3,Female,"English ",97%,3% mandarin chinese,"White,Asian",,No,,Other professional degree - please specify:,JD,,"USA, CHINA","$150,000 to $199,999"
2023-03-21 09:47:04,2023-03-21 09:48:24,IP Address,*******,100,79,True,2023-03-21 09:48:24,R_3eqJY9N6L0KZhvk,*******,*******,*******,*******,*******,*******,anonymous,EN,CoAct,p078,5,male,English,100%,,White,,No,,Other - please specify,,PreK,USA,"$100,000 to $149,999"
2023-03-21 12:41:18,2023-03-21 12:43:27,IP Address,*******,100,129,True,2023-03-21 12:43:28,R_3JlvGPCR8ayyDhJ,*******,*******,*******,*******,*******,*******,anonymous,EN,CoAct,p079,3.5,Male,English,100%,0,White,,Yes,Speech,Bachelor's degree,,,USA/ mom&dad,"$50,000 to $99,999"
2023-03-21 15:25:03,2023-03-21 15:26:41,IP Address,*******,100,98,True,2023-03-21 15:26:42,R_seawwNa1jr1BtCh,*******,*******,*******,*******,*******,*******,anonymous,EN,CoAct,p080,5,M,"English ",95%,Tagalog,Asian,,No,,Elementary/ primary school,,,US,"$50,000 to $99,999"
2023-03-22 14:49:31,2023-03-22 14:51:48,IP Address,*******,100,137,True,2023-03-22 14:51:49,R_2cC77Gk9eIh8QOs,*******,*******,*******,*******,*******,*******,anonymous,EN,CoAct,p081,5,Boy,English,100%,,White,,No,,Bachelor's degree,,,United States of America (both parents),"$200,000 or more"
2023-03-24 08:56:23,2023-03-24 08:58:24,IP Address,*******,100,121,True,2023-03-24 08:58:24,R_3duvDeHVKtYXbRT,*******,*******,*******,*******,*******,*******,anonymous,EN," CoAct",p082,3,"Male ","English ",100,"None ",White,,No,,Master's degree,,,USA,"$100,000 to $149,999"
2023-03-24 13:10:32,2023-03-24 13:12:55,IP Address,*******,100,143,True,2023-03-24 13:12:55,R_1QtHM9BXHlW4lRv,*******,*******,*******,*******,*******,*******,anonymous,EN,CoAct,p083,5,Female,English,100,,White,,No,,Bachelor's degree,,,USA,"$200,000 or more"
2023-03-30 15:04:28,2023-03-30 15:06:23,IP Address,*******,100,115,True,2023-03-30 15:06:23,R_ewVzz8HXkhQAh7b,*******,*******,*******,*******,*******,*******,anonymous,EN,CoAct,p084,4.5,Female,English,99,Spanish at times at daycare,"White,Hispanic or Latino",,No,,Master's degree,,,United States of America,"$150,000 to $199,999"
2023-04-06 08:43:41,2023-04-06 08:45:21,IP Address,*******,100,99,True,2023-04-06 08:45:21,R_3I66WOMMFCKX2jC,*******,*******,*******,*******,*******,*******,anonymous,EN,coact,p085,3 (almost 4),Male,English,100%,,White,,No,,Master's degree,,,United States,"$200,000 or more"
2023-04-07 07:46:26,2023-04-07 07:47:46,IP Address,*******,100,80,True,2023-04-07 07:47:46,R_1FEvJ7QfZdxXHHs,*******,*******,*******,*******,*******,*******,anonymous,EN,CoAct,p086,3,Male,"English ",100,None,White,,No,,Bachelor's degree,,,USA,"$150,000 to $199,999"
2023-04-07 08:52:03,2023-04-07 08:53:10,IP Address,*******,100,67,True,2023-04-07 08:53:10,R_3qWiZMKfSQEf4wG,*******,*******,*******,*******,*******,*******,anonymous,EN,CoAct,p087,5,"Female ","English ",100,N/A,White,,No,,Doctoral degree,,,"United States for both parents ","$200,000 or more"
2023-04-07 10:43:34,2023-04-07 10:45:49,IP Address,*******,100,135,True,2023-04-07 10:45:50,R_20Sz4yApjeNgBjH,*******,*******,*******,*******,*******,*******,anonymous,EN,CoAct,p088,3,Male,"English ",99%,,"White,Hispanic or Latino",,No,,Master's degree,,,US,"$100,000 to $149,999"
2023-04-07 12:52:50,2023-04-07 12:54:55,IP Address,*******,100,125,True,2023-04-07 12:54:56,R_yrMOSAUGZ1PtZO9,*******,*******,*******,*******,*******,*******,anonymous,EN,CoAct,p089,4 years 10 months,Female,English,75,Spanish,"White,Hispanic or Latino",,No,,Other - please specify,,Pre-K,USA- mother / Puerto Rico- father,"$150,000 to $199,999"
2023-04-07 14:15:50,2023-04-07 14:17:12,IP Address,*******,100,82,True,2023-04-07 14:17:13,R_WqWk6nASQyGwcVz,*******,*******,*******,*******,*******,*******,anonymous,EN,CoAct,p090,Almost 5.5,Female,English,90,Turkish,"White,Black or African American",,No,,Doctoral degree,,,USA and Turkey,"$200,000 or more"
2023-04-10 09:33:55,2023-04-10 10:38:03,IP Address,*******,100,3847,True,2023-04-10 10:38:04,R_2SkQBlQuhvwoLgR,*******,*******,*******,*******,*******,*******,anonymous,EN,CoAct,p091,5,Male,English,100%,None,White,,No,,Other - please specify,,Preschool,USA for both,"$100,000 to $149,999"
2023-04-12 14:27:45,2023-04-12 14:28:54,IP Address,*******,100,68,True,2023-04-12 14:28:54,R_1lrSuYpvizZNGde,*******,*******,*******,*******,*******,*******,anonymous,EN,CoAct,p092,4,Female,English,100,,"White,Black or African American,Hispanic or Latino",,No,,Bachelor's degree,,,"USA ","$150,000 to $199,999"
2023-04-13 08:47:26,2023-04-13 08:50:02,IP Address,*******,100,155,True,2023-04-13 08:50:03,R_1Gv2Ncfski6RbAt,*******,*******,*******,*******,*******,*******,anonymous,EN,coact,p093,3,Female,English,95+,,"White,Hispanic or Latino,Some other race or origin (please specify)",Asian Indian,No,,Bachelor's degree,,,USA,"$50,000 to $99,999"
2023-04-13 11:44:01,2023-04-13 11:45:18,IP Address,*******,100,77,True,2023-04-13 11:45:18,R_1gk0PsK8H4pPjGR,*******,*******,*******,*******,*******,*******,anonymous,EN,CoAct,p094,4,"Female ","English ",100%,,White,,No,,Bachelor's degree,,,"United States ","$100,000 to $149,999"
2023-04-17 11:17:22,2023-04-17 11:19:01,IP Address,*******,100,99,True,2023-04-17 11:19:02,R_1rxj5Y85ztEvMGI,*******,*******,*******,*******,*******,*******,anonymous,EN,CoAct,p095,"5 ",Male,English,98%,Japanese,"White,Asian",,No,,Doctoral degree,,,Japan and USA,"$100,000 to $149,999"
2023-04-19 15:02:47,2023-04-19 15:07:38,IP Address,*******,100,290,True,2023-04-19 15:07:38,R_UmOQ3vfI1OpkwBr,*******,*******,*******,*******,*******,*******,anonymous,EN,CoAct,p097,3,female,English,100%,,"White,Hispanic or Latino",,No,,Master's degree,,,USA,"$200,000 or more"
2023-04-25 08:05:03,2023-04-25 08:08:36,IP Address,*******,100,213,True,2023-04-25 08:08:37,R_7Peu7837oYQandf,*******,*******,*******,*******,*******,*******,anonymous,EN,CoAct,p099,3,Female,English,80,Hindi,Asian,,No,,Master's degree,,,Canada and India,"$200,000 or more"
2023-04-18 11:49:26,2023-04-18 11:49:35,IP Address,*******,14,9,False,2023-04-25 11:50:53,R_V4KQGuuJlxijd8R,*******,*******,*******,*******,*******,*******,anonymous,EN,CoAct,p096,,,,,,,,,,,,,,
2023-04-25 15:20:03,2023-04-25 15:21:29,IP Address,*******,100,85,True,2023-04-25 15:21:29,R_ApunC34YES1e1LX,*******,*******,*******,*******,*******,*******,anonymous,EN," coact",p100,4,Male,English,95%,Spanish,"White,Asian",,No,,Doctoral degree,,,US,"$150,000 to $199,999"
2023-04-26 08:39:27,2023-04-26 08:42:02,IP Address,*******,100,154,True,2023-04-26 08:42:03,R_3NQkM7xkUY6gtNy,*******,*******,*******,*******,*******,*******,anonymous,EN,coact,p101,"5.9 ",Male,English,100%,None,White,,No,Spencer has always been very active. He remained seated for a li tied time before wanting to explore,Other - please specify,,Prek,USA,"$200,000 or more"
2023-04-26 14:02:55,2023-04-26 14:04:38,IP Address,*******,100,103,True,2023-04-26 14:04:39,R_2EpdrsqMOg7lY9I,*******,*******,*******,*******,*******,*******,anonymous,EN,CoAct,p102,4,Male,English,100%,"Russian, Spanish","White,Asian",,No,,Master's degree,,,Mom-USA/Dad- Ukraine,"$200,000 or more"
2023-04-27 12:11:35,2023-04-27 12:19:52,IP Address,*******,100,497,True,2023-04-27 12:19:53,R_1gwkBY5dACd75NL,*******,*******,*******,*******,*******,*******,anonymous,EN,CoAct,p103,4,Male,"English ",99.9%,,"White,Some other race or origin (please specify)","Italian,Scottish",Yes,He is doing speech therapy,Bachelor's degree,,,"US,  spouse was also born in the US","$200,000 or more"
2023-04-27 16:30:34,2023-04-27 16:31:49,IP Address,*******,100,74,True,2023-04-27 16:31:49,R_3stC9M4mjuK57gg,*******,*******,*******,*******,*******,*******,anonymous,EN,CoAct,p104,5,Male,English,100%,None,White,,No,,Some college/ university,,,United States,"$50,000 to $99,999"
2023-04-28 09:26:23,2023-04-28 09:29:46,IP Address,*******,100,203,True,2023-04-28 09:29:47,R_1InHZ65HoRFcwRI,*******,*******,*******,*******,*******,*******,anonymous,EN,CoAct,p105,5,Male,"English ",100,,White,,No,,Other professional degree - please specify:,Associates,,Usa,"$100,000 to $149,999"
2023-04-28 15:51:25,2023-04-28 15:54:10,IP Address,*******,100,165,True,2023-04-28 15:54:11,R_1qh2y57xulVEPRv,*******,*******,*******,*******,*******,*******,anonymous,EN,CoAct,p106,3,Female,English,95%,Sinhala (only some words and not that often),"White,Some other race or origin (please specify)",Sri Lankan,No,,Bachelor's degree,,,"USA ","$200,000 or more"
2023-05-01 09:01:03,2023-05-01 09:03:55,IP Address,*******,100,171,True,2023-05-01 09:03:56,R_2qqQapEKKLVkOGv,*******,*******,*******,*******,*******,*******,anonymous,EN,coAct,p107,4.5,Female,English,95%,Konkani,Asian,,No,,Bachelor's degree,,,India- both parents.,"$200,000 or more"
2023-05-05 15:02:22,2023-05-05 15:03:52,IP Address,*******,100,90,True,2023-05-05 15:03:53,R_vf4YXx6vdWFiWNX,*******,*******,*******,*******,*******,*******,anonymous,EN,Coact,p108,"4 years 11 months ","Female ","English ",100%,,White,,No,,Master's degree,,,USA,"$100,000 to $149,999"
2023-05-08 14:58:27,2023-05-08 14:59:21,IP Address,*******,100,53,True,2023-05-08 14:59:21,R_XgHXstbxL3AEbD3,*******,*******,*******,*******,*******,*******,anonymous,EN,Coact,p109,4,Female,English,100,,White,,No,,Master's degree,,,USA,"$200,000 or more"
2023-05-12 08:59:44,2023-05-12 09:01:31,IP Address,*******,100,107,True,2023-05-12 09:01:33,R_263C10vPyKKP1YM,*******,*******,*******,*******,*******,*******,anonymous,EN,Coact,p110,3,"Female ","English ",100%,NA,White,,No,,Bachelor's degree,,,Canada  and USA,"$100,000 to $149,999"
2023-05-16 07:52:21,2023-05-16 07:53:20,IP Address,*******,100,59,True,2023-05-16 07:53:21,R_w6SzjvVZFcEpihz,*******,*******,*******,*******,*******,*******,anonymous,EN,coact,p111,4,Male,English,100%,None,White,,No,,Master's degree,,,USA,"$200,000 or more"
2023-05-19 15:01:46,2023-05-19 15:03:01,IP Address,*******,100,75,True,2023-05-19 15:03:02,R_1k0a6yHv91tb3jP,*******,*******,*******,*******,*******,*******,anonymous,EN,Coact,p112,5,Male,English,100%,N/A,White,,No,,Bachelor's degree,,,USA,"$200,000 or more"
2023-06-13 15:13:45,2023-06-13 15:19:20,IP Address,*******,100,335,True,2023-06-13 15:19:21,R_agfzvTg4OA1LNBL,*******,*******,*******,*******,*******,*******,anonymous,EN,Coact,p113,3,Female,"English ",100%,Minimal spanish,"White,Hispanic or Latino",,No,,Bachelor's degree,,,America,"$150,000 to $199,999"
2023-06-16 10:44:00,2023-06-16 10:45:25,IP Address,*******,100,85,True,2023-06-16 10:45:26,R_1IiJedVat0K1igJ,*******,*******,*******,*******,*******,*******,anonymous,EN,Coact,p114,5 years,Female,English,100,None,White,,No,,Master's degree,,,"United States ","$150,000 to $199,999"
2023-06-16 10:45:42,2023-06-16 10:45:49,IP Address,*******,14,6,False,2023-06-23 10:45:51,R_2zIoeGcBUoIxzbw,*******,*******,*******,*******,*******,*******,anonymous,EN,"CoAct ",114,,,,,,,,,,,,,,
2023-06-28 08:59:04,2023-06-28 09:00:22,IP Address,*******,100,77,True,2023-06-28 09:00:25,R_1DOREpbbCs8uLfZ,*******,*******,*******,*******,*******,*******,anonymous,EN,"CoAct ",P115,3,Female,English,100,,White,,No,,Master's degree,,,"America, father was born in Ukraine ","$100,000 to $149,999"
2023-07-21 07:53:55,2023-07-21 08:16:36,IP Address,*******,100,1360,True,2023-07-21 08:16:37,R_2ayu250JktllbVx,*******,*******,*******,*******,*******,*******,anonymous,EN,Kitty-Act,p001,6,Female,English,English,,White,,No,,Master's degree,,,America,"$100,000 to $149,999"
2023-07-26 13:21:14,2023-07-26 13:23:34,IP Address,*******,100,140,True,2023-07-26 13:23:35,R_2TzR5jsYAqfKeTP,*******,*******,*******,*******,*******,*******,anonymous,EN,Kitty-Act,p002,5,Female,English,98%,"Spanish (grandfather is Chilean and occasionally speaks in Spanish, we also sometimes read bilingual picture books)","White,Hispanic or Latino",,No,,Master's degree,,,USA (mom and dad),"$100,000 to $149,999"
2023-09-11 11:31:52,2023-09-11 11:34:57,IP Address,*******,100,185,True,2023-09-11 11:34:58,R_pfqWvA6sDgvIFax,*******,*******,*******,*******,*******,*******,anonymous,EN,Coact,p116,3,Male,English,100%,None,White,,No,,Not applicable/ unknown,,,United States,"$100,000 to $149,999"
2023-10-12 12:24:57,2023-10-12 12:25:18,IP Address,*******,14,21,False,2023-10-19 12:25:19,R_1erhNmcenfScu9J,*******,*******,*******,*******,*******,*******,anonymous,EN,Bfp,Bfp 26,,,,,,,,,,,,,,
2023-10-27 10:53:43,2023-10-27 12:02:43,IP Address,*******,100,4140,True,2023-10-27 12:02:44,R_3hnEOXCE42cRcIb,*******,*******,*******,*******,*******,*******,anonymous,EN,MB3,p111,9 months,,English,"70% ","Spanish ","White,Hispanic or Latino",,No,,Bachelor's degree,,,USA,"$50,000 to $99,999"
2023-12-06 07:50:54,2023-12-06 07:57:52,IP Address,*******,100,418,True,2023-12-06 07:57:53,R_2w4B1Gyu6bU0QWy,*******,*******,*******,*******,*******,*******,anonymous,EN,VoiceChange,BL137,11months,Male,"English ",80%,Russian,White,,No,,Bachelor's degree,,,Ukraine,"$200,000 or more"
2023-12-18 11:36:13,2023-12-18 11:36:58,IP Address,*******,100,45,True,2023-12-18 11:36:59,R_3OH1HcfZntVysCR,*******,*******,*******,*******,*******,*******,anonymous,EN,Ghh,Hhh,,,,,,,,,,,,,,
2024-03-18 14:25:07,2024-03-18 14:26:49,IP Address,*******,100,101,True,2024-03-18 14:26:49,R_2PoG2vOLOmzgfvi,*******,*******,*******,*******,*******,*******,anonymous,EN,test,test,,,,,,,,,,,,,,
2024-03-18 15:28:39,2024-03-18 15:30:01,IP Address,*******,100,81,True,2024-03-18 15:30:01,R_7COCSn07GFLRCt2,*******,*******,*******,*******,*******,*******,anonymous,EN,kitty-act,p003,6,Male,English,100,,White,,No,,Master's degree,,,USA,"$150,000 to $199,999"
2024-03-19 14:49:03,2024-03-19 14:50:08,IP Address,*******,100,64,True,2024-03-19 14:50:09,R_3DiR8XTpxHQEUS0,*******,*******,*******,*******,*******,*******,anonymous,EN,Test,Test,,,,,,,,,,,,,,
2024-03-19 15:16:52,2024-03-19 15:19:07,IP Address,*******,100,135,True,2024-03-19 15:19:08,R_5EbwmmOAkY755tM,*******,*******,*******,*******,*******,*******,anonymous,EN,kitty-act,p004,7,male,"english ",100%,no,White,,No,,Bachelor's degree,,,usa,"$100,000 to $149,999"
2024-03-20 14:24:53,2024-03-20 14:27:15,IP Address,*******,100,142,True,2024-03-20 14:27:16,R_7E4ithSB0YoRad5,*******,*******,*******,*******,*******,*******,anonymous,EN,kitty-act,p005,6,female,english,80,persian,White,,No,,Doctoral degree,,,iran / united states,"$200,000 or more"
2024-03-22 14:22:34,2024-03-22 14:24:09,IP Address,*******,100,94,True,2024-03-22 14:24:09,R_25EpA4mT4khPKaj,*******,*******,*******,*******,*******,*******,anonymous,EN,kitty-act,p006,5,female,emglish,100%,japanese,"White,Asian",,No,,Bachelor's degree,,,"japan - mother, usa - father","$150,000 to $199,999"
2024-03-23 06:53:47,2024-03-23 06:55:32,IP Address,*******,100,105,True,2024-03-23 06:55:32,R_1fQFxdbAIqOWd57,*******,*******,*******,*******,*******,*******,anonymous,EN,kitty-act,p007,7,female,english,90,Chinese at chinese school,Asian,,No,,Master's degree,,,us,"$200,000 or more"
2024-03-24 08:29:16,2024-03-24 08:30:19,IP Address,*******,100,63,True,2024-03-24 08:30:20,R_7dz6UrBY6EBbHv1,*******,*******,*******,*******,*******,*******,anonymous,EN,kitty-act,p009,7,female,english,100%,none,White,,No,none,Master's degree,,,america; germany,"$200,000 or more"
2024-03-24 08:30:26,2024-03-24 08:31:14,IP Address,*******,100,47,True,2024-03-24 08:31:14,R_2xLRXzaqPcF4yfn,*******,*******,*******,*******,*******,*******,anonymous,EN,kitty-act,p008,5,female,english,100%,none,White,,No,none,Master's degree,,,america; germany,"$200,000 or more"
2024-03-27 11:18:55,2024-03-27 11:21:23,IP Address,*******,100,148,True,2024-03-27 11:21:24,R_5HLm3ZsJMBta16W,*******,*******,*******,*******,*******,*******,anonymous,EN,kitty-act,p010,5,FEMALE,"ENGLISH ",90,Hindi,Asian,,No,no,Master's degree,,,INDIA for both parents,"$100,000 to $149,999"
2024-03-29 08:16:34,2024-03-29 08:18:51,IP Address,*******,100,136,True,2024-03-29 08:18:51,R_3v5FrYSPNwih7Ue,*******,*******,*******,*******,*******,*******,anonymous,EN,kitty-act,p011,7,female,English,100%,none,White,,No,,Master's degree,,,USA,"$150,000 to $199,999"
2024-03-29 09:36:45,2024-03-29 09:38:17,IP Address,*******,100,91,True,2024-03-29 09:38:17,R_3CfhRSWGRcqvBXT,*******,*******,*******,*******,*******,*******,anonymous,EN,kitty-act,p012,5,Female,English,100,,"White,Black or African American,Hispanic or Latino",,No,,Bachelor's degree,,,USA,"$150,000 to $199,999"
2024-03-29 10:23:12,2024-03-29 10:25:39,IP Address,*******,100,146,True,2024-03-29 10:25:39,R_5rYT7v4u0nEjLUJ,*******,*******,*******,*******,*******,*******,anonymous,EN,kitty-act,p013,6,female,english,99,"cantonese ","White,Asian",,No,,Master's degree,,,hong kong and america,"$150,000 to $199,999"
2024-03-29 11:50:16,2024-03-29 11:53:37,IP Address,*******,100,201,True,2024-03-29 11:53:37,R_7ev4Lh3647aLiVz,*******,*******,*******,*******,*******,*******,anonymous,EN,kitty-act,p014,8,male,english and spanish,70% english,spanish,Hispanic or Latino,,No,,Master's degree,,,usa both parents,"$100,000 to $149,999"
2024-03-30 07:30:02,2024-03-30 07:31:35,IP Address,*******,100,93,True,2024-03-30 07:31:36,R_5jJrohCpy8lb2PY,*******,*******,*******,*******,*******,*******,anonymous,EN,kitty-act,p016,6,male,english,100,"none ",White,,No,,Doctoral degree,,,united states,"$200,000 or more"
2024-03-30 07:44:04,2024-03-30 07:45:33,IP Address,*******,100,88,True,2024-03-30 07:45:33,R_5Vd5dUUDnklQvn3,*******,*******,*******,*******,*******,*******,anonymous,EN,kitty-act,p015,8,female,english,100,none,White,,No,,Doctoral degree,,,united states,"$200,000 or more"
2024-03-30 08:14:53,2024-03-30 08:17:02,IP Address,*******,100,129,True,2024-03-30 08:17:03,R_2gLTcrNPF4yikWV,*******,*******,*******,*******,*******,*******,anonymous,EN,kitty-act,p017,6,female,english,80,spanish,"White,Hispanic or Latino,Some other race or origin (please specify)",incan roots,No,,Bachelor's degree,,,peru and ecuador,"$50,000 to $99,999"
2024-03-30 10:28:30,2024-03-30 10:31:15,IP Address,*******,100,164,True,2024-03-30 10:31:16,R_8X4Cn18359feti1,*******,*******,*******,*******,*******,*******,anonymous,EN,kitty-act,p018,5.5,male,english,100,none,White,,No,,Other professional degree - please specify:,medical doctor,,usa,"$200,000 or more"
2024-03-24 07:39:22,2024-03-24 08:13:02,IP Address,*******,14,2020,False,2024-03-31 08:13:06,R_2re439C2Rcz107K,*******,*******,*******,*******,*******,*******,anonymous,EN,kitty-act,p009,,,,,,,,,,,,,,
2024-04-01 15:05:54,2024-04-01 15:07:26,IP Address,*******,100,91,True,2024-04-01 15:07:26,R_5mJFVy6GBBwC5Zz,*******,*******,*******,*******,*******,*******,anonymous,EN,kitty-act,p019,8,female,english,100,0,White,,No,,Elementary/ primary school,,,united states,"$150,000 to $199,999"
2024-04-01 13:26:03,2024-04-01 15:19:14,IP Address,*******,100,6791,True,2024-04-01 15:19:15,R_2F1R0XRO36UBMqt,*******,*******,*******,*******,*******,*******,anonymous,EN,test,test,0,male,english,99,spanish,"White,Hispanic or Latino",,No,"he was born two months premature but he seems fine , no concerns developmentally ",Bachelor's degree,,,US,"$100,000 to $149,999"
2024-04-05 08:42:57,2024-04-05 08:44:16,IP Address,*******,100,79,True,2024-04-05 08:44:17,R_2UaXDQNRGRpkgsl,*******,*******,*******,*******,*******,*******,anonymous,EN,kitty-act,p020,7,male,english,100,none,White,,No,no,Bachelor's degree,,,us,"$200,000 or more"
2024-04-05 09:01:00,2024-04-05 09:01:59,IP Address,*******,100,58,True,2024-04-05 09:01:59,R_1p9dh55mNzYozp7,*******,*******,*******,*******,*******,*******,anonymous,EN,kitty-act,p021,5,male,english,100,none,White,,No,none,Bachelor's degree,,,us,"$200,000 or more"
2024-04-05 12:44:43,2024-04-05 12:45:53,IP Address,*******,100,69,True,2024-04-05 12:45:53,R_1Qh1rpiOk1LwMwt,*******,*******,*******,*******,*******,*******,anonymous,EN,kitty-act,p022,7,male,english,100,korean,Asian,,No,,Elementary/ primary school,,,"korea, usa","$200,000 or more"
2024-04-05 13:01:33,2024-04-05 13:02:36,IP Address,*******,100,62,True,2024-04-05 13:02:37,R_7J58BEPjTAyDL1d,*******,*******,*******,*******,*******,*******,anonymous,EN,kitty-act,p023,6,female,english,100,korean,Asian,,No,,Elementary/ primary school,,,"korea, usa","$200,000 or more"
2024-04-07 10:21:22,2024-04-07 10:24:54,IP Address,*******,100,212,True,2024-04-07 10:24:55,R_5TZSPAZSqbmtbIl,*******,*******,*******,*******,*******,*******,anonymous,EN,kitty-act,p024,7,male,english,80,hindi,Asian,,No,na,Bachelor's degree,,,india,"$200,000 or more"
2024-04-07 11:27:02,2024-04-07 11:30:06,IP Address,*******,100,184,True,2024-04-07 11:30:07,R_5C30XoZYmmTPorR,*******,*******,*******,*******,*******,*******,anonymous,EN,kitty-act,p025,8,Female,English,60%,"Mandarin, Gujarati",Asian,,No,,Master's degree,,,India,"$200,000 or more"
2024-04-07 11:47:09,2024-04-07 11:49:22,IP Address,*******,100,132,True,2024-04-07 11:49:22,R_53l2kNdQPDAiwgi,*******,*******,*******,*******,*******,*******,anonymous,EN,kitty-act,p026,5,Female,English,60,Mandarin,Asian,,No,,Master's degree,,,India,"$200,000 or more"
2024-04-10 08:11:32,2024-04-10 08:15:04,IP Address,*******,100,211,True,2024-04-10 08:15:04,R_3zptFmkJoEYnpwZ,*******,*******,*******,*******,*******,*******,anonymous,EN,kitty-act,p027,6,male,english,100%,none,White,,No,,Bachelor's degree,,,united states,"$150,000 to $199,999"
2024-04-10 09:40:55,2024-04-10 09:42:49,IP Address,*******,100,113,True,2024-04-10 09:42:50,R_1gA3DqFKMNd51YM,*******,*******,*******,*******,*******,*******,anonymous,EN,kitty-act,p028,8,female,english,90,turkish,"White,Some other race or origin (please specify)",turkish,No,,Doctoral degree,,,"usa, father is Turkish","$200,000 or more"
2024-04-10 10:28:12,2024-04-10 10:29:44,IP Address,*******,100,92,True,2024-04-10 10:29:45,R_6qermxwcmcVknFP,*******,*******,*******,*******,*******,*******,anonymous,EN,kitty-act,p029,8,m,"english ",90%,"korean, chinese ",Asian,,No,,Bachelor's degree,,,china. dad korea,"$100,000 to $149,999"
2024-04-10 10:42:06,2024-04-10 10:43:43,IP Address,*******,100,96,True,2024-04-10 10:43:43,R_5dHhkQGZnYczXqf,*******,*******,*******,*******,*******,*******,anonymous,EN,kitty-act,p030,6,m,"english ",90,"korean and chinese ",Asian,,No,,Bachelor's degree,,,china. father was born in Korea,"$100,000 to $149,999"
2024-04-05 09:31:49,2024-04-05 09:32:21,IP Address,*******,14,31,False,2024-04-12 09:32:22,R_2WSbOUZbYJpZhPd,*******,*******,*******,*******,*******,*******,anonymous,EN,controllability,P3,,,,,,,,,,,,,,
2024-04-13 14:07:41,2024-04-13 14:08:40,IP Address,*******,100,58,True,2024-04-13 14:08:40,R_2CrlH1GnaWdmfQA,*******,*******,*******,*******,*******,*******,anonymous,EN,kitty-act,p031,8,male,"english ",100,,White,,No,,Master's degree,,,united states,"$150,000 to $199,999"
2024-04-13 14:21:14,2024-04-13 14:21:53,IP Address,*******,100,39,True,2024-04-13 14:21:54,R_11qhiFuqW3R7ubD,*******,*******,*******,*******,*******,*******,anonymous,EN,kitty-act,p032,5,male,"english ",100,,White,,No,,Master's degree,,,united states,"$150,000 to $199,999"
2024-04-14 08:25:07,2024-04-14 08:27:39,IP Address,*******,100,151,True,2024-04-14 08:27:40,R_25oFzrmQx4RnuI9,*******,*******,*******,*******,*******,*******,anonymous,EN,kitty-act,p033,5,male,english,99%,tagalog,Some other race or origin (please specify),half white half asian,No,,Other - please specify,,pre k,"philippines ",Prefer not to answer
2024-04-14 09:24:34,2024-04-14 09:26:42,IP Address,*******,100,127,True,2024-04-14 09:26:43,R_1rTlIsiKooH7mXh,*******,*******,*******,*******,*******,*******,anonymous,EN,kitty-act,p034,7,female,english,100,,White,,Yes,grade level behind in reading,Master's degree,,,usa,"$150,000 to $199,999"
2024-04-14 10:16:29,2024-04-14 10:18:25,IP Address,*******,100,116,True,2024-04-14 10:18:26,R_2Dvlb8w99I50FF9,*******,*******,*******,*******,*******,*******,anonymous,EN,kitty-act,p035,7,male,English,100%,,Black or African American,,Yes,"reading and retention ",Elementary/ primary school,,,united states,"$50,000 to $99,999"
2024-04-14 11:34:03,2024-04-14 11:39:35,IP Address,*******,100,331,True,2024-04-14 11:39:35,R_8g6FWAmdcOg5v3v,*******,*******,*******,*******,*******,*******,anonymous,EN,kitty-act,p036,6,male,tamil,80,"english, hindi, malayalam, arabic",Asian,,No,,Elementary/ primary school,,,ABUDHABI,"$200,000 or more"
2024-04-14 12:26:30,2024-04-14 12:29:18,IP Address,*******,100,168,True,2024-04-14 12:29:19,R_3a2qX1wJx4n1UVH,*******,*******,*******,*******,*******,*******,anonymous,EN,kitty-act,p037,8,male,English,100,spanish in a short biweekly class at school,White,,No,,Bachelor's degree,,,USA (both),"$150,000 to $199,999"
2024-04-15 14:43:44,2024-04-15 14:49:17,IP Address,*******,100,332,True,2024-04-15 14:49:17,R_5L5U6zGKTJSoouO,*******,*******,*******,*******,*******,*******,anonymous,EN,kitty-act,p038,7,male,English,90%,Polish,"White,Hispanic or Latino",,No," None ~ Robert always hit all developmental milestones, especially from a language perspective. The only thing that he slight presented with was articulation but even that was developmentally appropriate because it was R sound challenges at, like, 4 years old. but that was all good by 5 with no speech therapy.",Doctoral degree,,,both mom and i were born in the USA,"$100,000 to $149,999"
2024-04-20 07:18:06,2024-04-20 07:20:32,IP Address,*******,100,145,True,2024-04-20 07:20:32,R_1uUoQUzHVdo3SJX,*******,*******,*******,*******,*******,*******,anonymous,EN,kitty-act,p039,8,male,english,95,japanese,"White,Asian,Some other race or origin (please specify)",japanese,No,,Doctoral degree,,,Japan USA,Prefer not to answer
2024-04-20 07:37:44,2024-04-20 07:39:22,IP Address,*******,100,98,True,2024-04-20 07:39:23,R_584OYBESuG6sSc1,*******,*******,*******,*******,*******,*******,anonymous,EN,kitty-act,p040,6,male,english,96,"japanese ","White,Asian,Some other race or origin (please specify)",japanese,No,,Doctoral degree,,,japan usa,Prefer not to answer
2024-04-20 09:09:03,2024-04-20 09:11:50,IP Address,*******,100,166,True,2024-04-20 09:11:50,R_2TYCsydzOV2hKyl,*******,*******,*******,*******,*******,*******,anonymous,EN,kitty-act,p041,5,"male ","english ",100,"ukrainian, polish and spanish at school","White,Hispanic or Latino",,No,,Elementary/ primary school,,,"united states ","$100,000 to $149,999"
2024-04-20 09:26:49,2024-04-20 09:28:40,IP Address,*******,100,110,True,2024-04-20 09:28:40,R_5O7vSmpsGg1DULt,*******,*******,*******,*******,*******,*******,anonymous,EN,kitty-act,p042,5,"female ",english,100,"ukrainian and spanish ","White,Hispanic or Latino",,No,,Elementary/ primary school,,,"united states ","$100,000 to $149,999"
2024-04-20 10:45:29,2024-04-20 10:47:21,IP Address,*******,100,112,True,2024-04-20 10:47:22,R_77sdANXuh3nq7rl,*******,*******,*******,*******,*******,*******,anonymous,EN,kitty-act,p043,6,female,english,99%,haitian creole,Black or African American,,No,,Elementary/ primary school,,,"USA, Father born in Haiti","$150,000 to $199,999"
2024-04-20 12:18:15,2024-04-20 12:20:08,IP Address,*******,100,113,True,2024-04-20 12:20:09,R_2rDiliz41JHrr2t,*******,*******,*******,*******,*******,*******,anonymous,EN,kitty-act,p044,7,female,english,65,spanish,"White,Hispanic or Latino",,No,,High school,,,"guatemala ","$50,000 to $99,999"
2024-04-21 08:39:21,2024-04-21 08:41:42,IP Address,*******,100,140,True,2024-04-21 08:41:42,R_78JbxNfzk6V488F,*******,*******,*******,*******,*******,*******,anonymous,EN,kitty-act,p045,5,"female ","english ",100%,"just spanish and mandarin at school ",White,,No,,Elementary/ primary school,,,"united states ","$150,000 to $199,999"
2024-04-21 09:52:47,2024-04-21 09:55:29,IP Address,*******,100,162,True,2024-04-21 09:55:30,R_82gvmtJAyVUPOPV,*******,*******,*******,*******,*******,*******,anonymous,EN,kitty-act,p046,5,male,english,100%,,"White,Asian",,No,,Other professional degree - please specify:,PharmD,,USA,"$200,000 or more"
2024-04-21 09:55:38,2024-04-21 09:57:41,IP Address,*******,100,123,True,2024-04-21 09:57:42,R_6C8jwLj1nwEu3zH,*******,*******,*******,*******,*******,*******,anonymous,EN,kitty-act,p047,5,Male,English,100%,,"White,Asian",,No,,Other professional degree - please specify:,PharmD,,USA,"$200,000 or more"
2024-04-21 11:00:48,2024-04-21 11:42:41,IP Address,*******,100,2513,True,2024-04-21 11:42:41,R_1nq1Lh1cj3Bwgjg,*******,*******,*******,*******,*******,*******,anonymous,EN,kitty-act,p048,7,female,English,90,"Cantonese ",Asian,,No,,Master's degree,,,Hong Kong,"$150,000 to $199,999"
2024-04-21 12:00:06,2024-04-21 12:01:31,IP Address,*******,100,84,True,2024-04-21 12:01:31,R_3OpFbbCgKNKenhT,*******,*******,*******,*******,*******,*******,anonymous,EN,kitty-act,p050,7,male,English,90,Cantonese,Asian,,No,,Master's degree,,,Hong Kong,"$150,000 to $199,999"
2024-04-21 12:24:59,2024-04-21 12:26:20,IP Address,*******,100,80,True,2024-04-21 12:26:21,R_2gRysVunyeXiP03,*******,*******,*******,*******,*******,*******,anonymous,EN,kitty-act,p049,5,male,English,85,Cantonese,Asian,,No,,Master's degree,,,Hong Kong,"$150,000 to $199,999"
2024-04-22 15:20:15,2024-04-22 15:23:09,IP Address,*******,100,174,True,2024-04-22 15:23:10,R_5k3MepL4Tn1rGrT,*******,*******,*******,*******,*******,*******,anonymous,EN,kitty-act,p051,8,Male,"English ",100%,None on regular basis,"White,Some other race or origin (please specify)",Brazilian,No,None,Elementary/ primary school,,,"United States ","$200,000 or more"
2024-04-23 10:28:51,2024-04-23 10:30:46,IP Address,*******,100,114,True,2024-04-23 10:30:46,R_2zZPs16YVfixwJ7,*******,*******,*******,*******,*******,*******,anonymous,EN,kitty-act,p052,7,female,english,90,spanish,White,,No,,Master's degree,,,usa,"$200,000 or more"
2024-04-23 15:24:19,2024-04-23 15:25:37,IP Address,*******,100,77,True,2024-04-23 15:25:38,R_2HGlzMLZQbexGYV,*******,*******,*******,*******,*******,*******,anonymous,EN,kitty-act,p053,8,male,english,100,na,White,,No,,Master's degree,,,US,"$200,000 or more"
2024-04-23 15:39:09,2024-04-23 15:40:29,IP Address,*******,100,80,True,2024-04-23 15:40:30,R_3flLpgLf4z7nZBH,*******,*******,*******,*******,*******,*******,anonymous,EN,kitty-act,p054,5,female,english,100,na,White,,No,,Master's degree,,,US/US,"$200,000 or more"
2024-04-24 15:37:04,2024-04-24 15:41:02,IP Address,*******,100,238,True,2024-04-24 15:41:03,R_5my066Dg5qjt8FY,*******,*******,*******,*******,*******,*******,anonymous,EN,kitty-act,p056,5,male,english,100,na,White,,No,he receives speech articulation therapy in school,Master's degree,,,"ireland mother america father ","$200,000 or more"
2024-04-24 15:52:35,2024-04-24 15:56:21,IP Address,*******,100,225,True,2024-04-24 15:56:22,R_2wB8pcuuMGJE4a0,*******,*******,*******,*******,*******,*******,anonymous,EN,kitty-act,p055,8,female,"english ",100,na,White,,No,none,Master's degree,,,mom: ireland dad :usa,"$200,000 or more"
2024-04-25 10:23:26,2024-04-25 10:44:22,IP Address,*******,100,1256,True,2024-04-25 10:44:23,R_7Cv3ygGi9EBH6HH,*******,*******,*******,*******,*******,*******,anonymous,EN,kitty-act,p057,6,f,english,95+,,White,,No,,Doctoral degree,,,"usa, canada","$100,000 to $149,999"
2024-04-26 15:45:23,2024-04-26 15:49:46,IP Address,*******,100,263,True,2024-04-26 15:49:47,R_28TGHytbVyHXNWw,*******,*******,*******,*******,*******,*******,anonymous,EN,kitty-act,p058,6,male,"english ",80,hebrew,White,,No,,Some college/ university,,,both from USA,"$100,000 to $149,999"
2024-04-26 16:51:02,2024-04-26 16:52:30,IP Address,*******,100,88,True,2024-04-26 16:52:31,R_2IbM45TDXGDgbS7,*******,*******,*******,*******,*******,*******,anonymous,EN,kitty-act,p059,8,male,english;ish,75,spamish,White,,No,,Master's degree,,,us,Prefer not to answer
2024-04-26 17:09:53,2024-04-26 17:11:16,IP Address,*******,100,83,True,2024-04-26 17:11:16,R_1Mbdtom4u3J0KQF,*******,*******,*******,*******,*******,*******,anonymous,EN,kitty-act,p060,5,female,emglish,75,spanish,White,,No,,Master's degree,,,us,Prefer not to answer
2024-05-03 13:57:40,2024-05-03 14:04:36,IP Address,*******,100,416,True,2024-05-03 14:04:37,R_35YU7bGgR4RW9O1,*******,*******,*******,*******,*******,*******,anonymous,EN,kitty-act,p062,6,female,english,80 percent,spanish,White,,No,,Master's degree,,,united states,"$200,000 or more"
2024-05-03 14:14:19,2024-05-03 14:16:15,IP Address,*******,100,116,True,2024-05-03 14:16:28,R_2OplNRMgc2fWBng,*******,*******,*******,*******,*******,*******,anonymous,EN,kitty-act,p061,8,male,english,100 percent,none,White,,No,none,Master's degree,,,united states,"$200,000 or more"
2024-05-03 15:46:21,2024-05-03 15:48:10,IP Address,*******,100,108,True,2024-05-03 15:48:11,R_12mIroDzpHhTsNg,*******,*******,*******,*******,*******,*******,anonymous,EN,kitty-act,p064,6,male,english,95%,,White,,No,,Elementary/ primary school,,,united states of america,"$200,000 or more"
2024-05-03 15:59:45,2024-05-03 16:00:41,IP Address,*******,100,55,True,2024-05-03 16:00:41,R_6nNTjToOhV0Q7eD,*******,*******,*******,*******,*******,*******,anonymous,EN,kitty-act,p063,8,male,english,95%,,White,,No,,Elementary/ primary school,,,united states of america,"$200,000 or more"
2024-05-04 07:17:44,2024-05-04 07:21:09,IP Address,*******,100,204,True,2024-05-04 07:21:09,R_7nJIoZtATAVps61,*******,*******,*******,*******,*******,*******,anonymous,EN,kitty-act,p065,8,female,English,100%,"Spanish in school, during Spanish class",White,,No,,Bachelor's degree,,,both parents were born in USA,"$100,000 to $149,999"
2024-05-04 08:08:45,2024-05-04 08:10:15,IP Address,*******,100,89,True,2024-05-04 08:10:15,R_2GwZTRbo9FwVZ5g,*******,*******,*******,*******,*******,*******,anonymous,EN,kitty-act,p066,7,"female ","english ",99,french,White,,No,,Doctoral degree,,,"united states ",Prefer not to answer
2024-05-04 09:30:43,2024-05-04 09:33:58,IP Address,*******,100,195,True,2024-05-04 09:33:59,R_2n7yPjkqb08RIw6,*******,*******,*******,*******,*******,*******,anonymous,EN,kitty-act,p067,6,male,arabic,10%,english,White,,No,,Elementary/ primary school,,,Lebanon,"$100,000 to $149,999"
2024-05-04 11:57:31,2024-05-04 12:01:09,IP Address,*******,100,218,True,2024-05-04 12:01:10,R_1J3BC3q4s4KpsmB,*******,*******,*******,*******,*******,*******,anonymous,EN,kitty-act,p068,5,female,"english ",100%,,Some other race or origin (please specify),mixed asian/white,No,,Bachelor's degree,,,South Africa,"$150,000 to $199,999"
2024-05-04 12:54:44,2024-05-04 12:58:21,IP Address,*******,100,217,True,2024-05-04 12:58:22,R_2JiMSMIIZkOvJ7P,*******,*******,*******,*******,*******,*******,anonymous,EN,kitty-act,p069,7,female,"english ",99,,Asian,,No,,Elementary/ primary school,,,"india ","$100,000 to $149,999"
2024-05-04 13:13:40,2024-05-04 13:14:43,IP Address,*******,100,62,True,2024-05-04 13:14:43,R_1kFTVGu6nlnjizq,*******,*******,*******,*******,*******,*******,anonymous,EN,kitty-act,p070,5,"male ","english ",99,,Asian,,No,,Elementary/ primary school,,,"india ","$100,000 to $149,999"
2024-05-04 14:19:05,2024-05-04 14:20:36,IP Address,*******,100,91,True,2024-05-04 14:20:37,R_2DZ6yIf5LX3mUVp,*******,*******,*******,*******,*******,*******,anonymous,EN,kitty-act,p071,7,female,english,99,,"White,Asian",,No,,Doctoral degree,,,united states,"$200,000 or more"
2024-05-04 16:11:08,2024-05-04 16:12:39,IP Address,*******,100,90,True,2024-05-04 16:12:40,R_2chwAQREGOjLedH,*******,*******,*******,*******,*******,*******,anonymous,EN,kitty-act,p072,6,male,english,90,spanish,"White,Black or African American,Hispanic or Latino",,No,none,Elementary/ primary school,,,usa,"$200,000 or more"
2024-05-07 14:54:41,2024-05-07 14:56:30,IP Address,*******,100,109,True,2024-05-07 14:56:31,R_5eeIXoyBWnXxKRI,*******,*******,*******,*******,*******,*******,anonymous,EN,kitty-act,p074,7,f,"english ",100%,none,"White,Asian",,No,,Bachelor's degree,,,both in USA,"$100,000 to $149,999"
2024-05-07 15:10:04,2024-05-07 15:12:11,IP Address,*******,100,127,True,2024-05-07 15:12:12,R_3iKRh0WVtt4xEeB,*******,*******,*******,*******,*******,*******,anonymous,EN,kitty-act,p073,8,f,"english ",100%,none,"White,Asian",,No,,Bachelor's degree,,,USA and usa,"$100,000 to $149,999"
2024-05-08 13:56:00,2024-05-08 13:57:48,IP Address,*******,100,108,True,2024-05-08 13:57:49,R_7LjSZOBI3Ad9qKK,*******,*******,*******,*******,*******,*******,anonymous,EN,kitty-act,p076,5,male,english,100%,none,White,,No,,Bachelor's degree,,,usa,Prefer not to answer
2024-05-08 14:09:30,2024-05-08 14:10:52,IP Address,*******,100,81,True,2024-05-08 14:10:52,R_3Ey1we2l4HX4dDz,*******,*******,*******,*******,*******,*******,anonymous,EN,kitty-act,p075,7,female,"english ",100%,none,White,,No,,Bachelor's degree,,,usa,Prefer not to answer
2024-05-09 16:49:20,2024-05-09 16:51:31,IP Address,*******,100,131,True,2024-05-09 16:51:32,R_2KxopC8BGyH5OrW,*******,*******,*******,*******,*******,*******,anonymous,EN,kitty-act,p077,8,female,English,100,spanish twice a week in school during Spanish class,White,,No,,Doctoral degree,,,both USA,"$100,000 to $149,999"
2024-05-10 13:20:16,2024-05-10 13:22:06,IP Address,*******,100,109,True,2024-05-10 13:22:07,R_2iKba3j4HtCyf6w,*******,*******,*******,*******,*******,*******,anonymous,EN,kitty-act,p078,6,female,english,100,arabic,White,,No,,Elementary/ primary school,,,USA,"$100,000 to $149,999"
2024-05-10 14:18:22,2024-05-10 14:21:54,IP Address,*******,100,212,True,2024-05-10 14:21:55,R_7IbhoBaJRJMbC0W,*******,*******,*******,*******,*******,*******,anonymous,EN,kitty-act,p079,5,female,english,75,spanish,Hispanic or Latino,,No,,Master's degree,,,usa,"$200,000 or more"
2024-05-11 09:15:33,2024-05-11 09:16:42,IP Address,*******,100,68,True,2024-05-11 09:16:43,R_5OrFa0SpFO1Ztc2,*******,*******,*******,*******,*******,*******,anonymous,EN,kitty-act,p080,5,female,english,100,n/a,White,,No,,Master's degree,,,usa; usa,Prefer not to answer
2024-05-12 08:09:48,2024-05-12 08:10:43,IP Address,*******,100,55,True,2024-05-12 08:10:44,R_1QPxw8C218SKVo9,*******,*******,*******,*******,*******,*******,anonymous,EN,kitty-act,p081,8,m,english,90,mandarin,Asian,,No,,Bachelor's degree,,,"china, us ","$200,000 or more"
2024-05-12 08:23:13,2024-05-12 08:24:11,IP Address,*******,100,57,True,2024-05-12 08:24:11,R_2rOWgxPWuiPgJNo,*******,*******,*******,*******,*******,*******,anonymous,EN,kitty-act,p082,6,f,english,90,mandarin,Asian,,No,,Bachelor's degree,,,"china, us","$200,000 or more"
2024-05-12 15:08:24,2024-05-12 15:10:51,IP Address,*******,100,147,True,2024-05-12 15:10:52,R_3dSEv66FpmNYQMQ,*******,*******,*******,*******,*******,*******,anonymous,EN,kitty-act,p083,6,female,english,100,spanish (at school),White,,No,,Master's degree,,,United States,"$200,000 or more"
2024-05-13 14:36:31,2024-05-13 14:39:43,IP Address,*******,100,191,True,2024-05-13 14:39:43,R_2TuTsGgx2HKdswW,*******,*******,*******,*******,*******,*******,anonymous,EN,kitty-act,p084,6,female,english,75,25,"White,Hispanic or Latino",,No,,Master's degree,,,costa rica and united states,"$200,000 or more"
2024-05-14 14:13:14,2024-05-14 14:16:01,IP Address,*******,100,167,True,2024-05-14 14:16:02,R_2wtviAWxXZ4HeDe,*******,*******,*******,*******,*******,*******,anonymous,EN,kitty-act,p085,6,M,"english ",90%,"Tagalog, Hiligaynon",Asian,,No,,Elementary/ primary school,,,US,"$50,000 to $99,999"
2024-05-14 15:02:56,2024-05-14 15:04:29,IP Address,*******,100,92,True,2024-05-14 15:04:29,R_7rNCmrX3mIUpCDD,*******,*******,*******,*******,*******,*******,anonymous,EN,kitty-act,p086,5,Male,English,100%,,White,,No,,Doctoral degree,,,USA,"$100,000 to $149,999"
2024-08-05 07:02:25,2024-08-05 07:02:46,IP Address,*******,14,21,False,2024-08-12 07:02:48,R_6hzIL8AyftCWhVY,*******,*******,*******,*******,*******,*******,anonymous,EN,Controllability,pilot 9,,,,,,,,,,,,,,
2024-11-18 10:21:51,2024-11-18 10:57:04,IP Address,*******,100,2113,True,2024-11-18 10:57:04,R_3pyySJ6Ymd2IlrB,*******,*******,*******,*******,*******,*******,anonymous,EN,Controllability,s3,.5,male,english,85%,German,White,,No,,Master's degree,,,"USA, USA","$200,000 or more"
2024-11-22 07:05:47,2024-11-22 08:01:14,IP Address,*******,100,3326,True,2024-11-22 08:01:14,R_6X8KsNiJE3jZADD,*******,*******,*******,*******,*******,*******,anonymous,EN,Controllability,s4,.5,female,english,80,spanish,"White,Hispanic or Latino",,No,,Bachelor's degree,,,america,"$150,000 to $199,999"
